{
    "calibration_target_scale": 0.03,
    "cx": 658.284800391492,
    "cy": 500.318015330381,
    "distortion_k1": -9.79358237114417,
    "distortion_k2": 1245.15642185491,
    "distortion_k3": 11.5788119994058,
    "distortion_p1": 0.207939362615942,
    "distortion_p2": -0.065800708986711,
    "fx": 8800.79719749252,
    "fy": 5563.15484986791,
    "max_depth_hypothesis": 5,
    "max_landmark_candidates": 30,
    "min_depth_hypothesis": 0.2,
    "min_distance_to_camera": 0.1,
    "num_depth_hypotheses": 100,
    "patch_size": 11
}
