{
    "calibration_matrix": [
        3082.7853550736095,
        0,
        806.3559161806544,
        0,
        3089.9348481696647,
        573.1607548634837,
        0,
        0,
        1
    ],
    "distortion_coefficients": [
        -0.7928075405418739,
        13.053911971982593,
        -0.0029368550353602793,
        3.4e-322,
        6.90312751168454e-310,
        0.11292624313464572,
        6.90312773468443e-310,
        644.4582473382675,
        885.4585338496587
    ],
    "image_size": [
        1292,
        964
    ]
}

