{
    "calibration_matrix": [
        3112.113115589472,
        0,
        711.9205903351866,
        0,
        3110.6406335225115,
        506.90797673389966,
        0,
        0,
        1
    ],
    "distortion_coefficients": [
        -0.36277005591061623,
        0.712524795849141,
        0.00033762048035208944,
        664.1528380261283,
        605.6384582791705,
        705.4408012077098,
        6.9126499614598e-310,
        6.9126499614598e-310,
        2.121995791e-314
    ]
}

