{
    "calibration_matrix": [
        2205.280062546711,
        0,
        653.4139913787354,
        0,
        2207.293966057818,
        457.952470672524,
        0,
        0,
        1
    ],
    "distortion_coefficients": [
        -0.2545799231180282,
        -0.0755878855287536,
        -0.00014598661189051126,
        -0.0009912320212517357,
        -0.4737444313403048
    ],
    "image_size": [
        1292,
        964
    ]
}
