{
    "left_camera_to_rig": [
        0,
        0,
        0,
        1,
        0,
        0,
        0
    ],
    "right_camera_to_rig": [
        -0.00013266357814134823,
        0.001205706788789277,
        -0.0022916441353058544,
        0.999996638513686,
        23.491480172539386,
        -0.03930962215342127,
        0.16367799525540633
    ]
}
