{
    "calibration_matrix": [
        2200.132126738792,
        0,
        619.4043418410142,
        0,
        2200.6511128352827,
        480.8838728119527,
        0,
        0,
        1
    ],
    "distortion_coefficients": [
        -0.27617106634929695,
        -0.13790375731632895,
        0.0015800592415000422,
        -0.00019997938351181535,
        1.5658629558076325
    ],
    "image_size": [
        1292,
        964
    ]
}
