{
    "calibration_matrix": [
        2196.4397057473057,
        0,
        672.1749669781074,
        0,
        2197.5048506621415,
        464.07971596841975,
        0,
        0,
        1
    ],
    "distortion_coefficients": [
        -0.2930769783627489,
        -0.4045052109342923,
        -0.001078082953760893,
        -0.00018133658820850663,
        2.625801806041617
    ],
    "image_size": [
        1292,
        964
    ]
}
