{
    "calibration_matrix": [
        2210.50530696368,
        0,
        640.1807878230092,
        0,
        2211.339573122706,
        452.08589131117697,
        0,
        0,
        1
    ],
    "distortion_coefficients": [
        -0.358833828054819,
        0.785174916251963,
        -0.0002372114746085441,
        -0.0008587415563131258,
        -2.547560231157604
    ],
    "image_size": [
        1292,
        964
    ]
}
