{
    "calibration_matrix": [
        2211.631988678947,
        0,
        686.7812049820834,
        0,
        2207.37968335066,
        438.8534156112235,
        0,
        0,
        1
    ],
    "distortion_coefficients": [
        -0.32432669131532504,
        0.6263097806766279,
        -0.00036746674471018,
        0.00028555295736817644,
        -1.628635796370665
    ],
    "image_size": [
        1292,
        964
    ]
}
