{
    "calibration_matrix": [
        2196.986578707032,
        0,
        644.1990854080335,
        0,
        2212.356140171997,
        459.6132440386594,
        0,
        0,
        1
    ],
    "distortion_coefficients": [
        -0.4002474214697816,
        4.184901746483174,
        -0.003320304544727942,
        -0.004987233916723808,
        -32.262272766232456
    ],
    "image_size": [
        1292,
        964
    ]
}
