{
    "calibration_matrix": [
        2213.3354960125685,
        0,
        628.8823121452576,
        0,
        2214.5763501704623,
        442.0909445578574,
        0,
        0,
        1
    ],
    "distortion_coefficients": [
        -0.32590566417560035,
        0.2981148591411521,
        0.0031449814995598686,
        4.429579980637155e-06,
        1.3487688547632104
    ],
    "image_size": [
        1292,
        964
    ]
}
