{
    "left_camera_to_world": [
        0,
        0,
        0,
        1,
        0,
        0,
        0
    ],
    "right_camera_to_world": [
        -0.00027766618651910667,
        -0.007238597019489697,
        -0.0023269490084627123,
        0.9999710550425899,
        23.689575403585227,
        -0.3066972526957647,
        0.13155551228076184
    ]
}
