{
    "left_camera_to_world": [
        0,
        0,
        0,
        1,
        0,
        0,
        0
    ],
    "right_camera_to_world": [
        -0.002027450893482077,
        0.0036870844338074784,
        -0.0027502130247457272,
        0.9999873655099705,
        24.450445855762812,
        -0.7844423196398123,
        -1.9846474222221755
    ]
}
