{
    "left_camera_to_world": [
        0,
        0,
        0,
        1,
        0,
        0,
        0
    ],
    "right_camera_to_world": [
        0.0013569470901541383,
        -0.006063943183410263,
        0.0004610395160883759,
        0.999980587176685,
        24.898269009014573,
        -1.091559371284142,
        -1.1026757644823677
    ]
}
