{
    "left_camera_to_world": [
        0,
        0,
        0,
        1,
        0,
        0,
        0
    ],
    "right_camera_to_world": [
        0.018329240908900295,
        0.009090837927948316,
        0.0009260218492322054,
        0.999790247040351,
        24.269267966490904,
        -0.7567410116323994,
        -2.1803117042248936
    ]
}
