{
    "calibration_matrix": [
        2201.691861023988,
        0,
        625.0740362168403,
        0,
        2206.9720344884468,
        524.8775077774637,
        0,
        0,
        1
    ],
    "distortion_coefficients": [
        -0.34700035374558635,
        0.6759006886749387,
        0.0002935586174081212,
        0.0003974876228420017,
        -1.454378895312656
    ],
    "image_size": [
        1292,
        964
    ]
}
