{
    "calibration_matrix": [
        2207.2819156229034,
        0,
        594.7065942125922,
        0,
        2212.233082587678,
        479.56454580188444,
        0,
        0,
        1
    ],
    "distortion_coefficients": [
        -0.22443366958120434,
        -2.2853776069973564,
        0.000552028246083697,
        0.0004673305406919363,
        22.30329228003578
    ],
    "image_size": [
        1292,
        964
    ]
}
