{
    "calibration_matrix": [
        2257.8996502586524,
        0,
        696.9235205035731,
        0,
        2239.2836334904814,
        389.9172885525057,
        0,
        0,
        1
    ],
    "distortion_coefficients": [
        -0.34769516606167794,
        3.3831511075709155,
        0.007182854242002532,
        -0.0018210847416741842,
        -43.96571835503309
    ],
    "image_size": [
        1292,
        964
    ]
}
