{
    "calibration_matrix": [
        2225.3243859094214,
        0,
        643.2768398403396,
        0,
        2218.7029071224024,
        453.52508416661067,
        0,
        0,
        1
    ],
    "distortion_coefficients": [
        -0.3047381476842731,
        -0.0872699367271632,
        0.0031839396085665893,
        -0.0007697280272660717,
        3.6298270850766796
    ],
    "image_size": [
        1292,
        964
    ]
}
