{
    "calibration_matrix": [
        2227.77407654717,
        0,
        698.121907560062,
        0,
        2238.17306690415,
        486.92280560173094,
        0,
        0,
        1
    ],
    "distortion_coefficients": [
        -0.3176129702988007,
        0.05416825618938676,
        0.0007065615410743679,
        -0.0028277653317854783,
        1.8065020494499302
    ],
    "image_size": [
        1292,
        964
    ]
}
