{
    "left_camera_to_world": [
        0,
        0,
        0,
        1,
        0,
        0,
        0
    ],
    "right_camera_to_world": [
        -0.012355637145671455,
        -0.012821794624367463,
        0.003396430521201964,
        0.9998356885373965,
        -7.841795864277799,
        -0.012729234051524232,
        0.04274091840685812
    ]
}
