{
    "calibration_target_scale": 1,
    "cx": 6.252043464245307405e+02,
    "cy": 3.443139509297248537e+02,
    "distortion_k1": -8.322383734716308490e-02,
    "distortion_k2": 1.454580850632900324e+00,
    "distortion_k3": -4.733991920790191266e+00,
    "distortion_p1": -3.150908773569563665e-04,
    "distortion_p2": -6.778764863809838385e-03,
    "fx": 1.085434418781586146e+03,
    "fy": 1.079136148982767509e+03,
    "max_depth_hypothesis": 5,
    "max_landmark_candidates": 30,
    "min_depth_hypothesis": 0.2,
    "min_distance_to_camera": 0.1,
    "num_depth_hypotheses": 100,
    "patch_size": 11
}

